wals code,name,value,description,latitude,longitude,genus,family,area
ani,//Ani,1,Present,-18.91666667,21.91666667,Khoe-Kwadi,Khoe-Kwadi,Simple Clauses
abi,Abip√≥n,2,Absent,-29,-61,Abipon,Guaicuruan,Simple Clauses
abk,Abkhaz,2,Absent,43.08333333,41,Northwest Caucasian,Northwest Caucasian,Simple Clauses
abu,Abun,2,Absent,-0.5,132.5,Abun,Abun,Simple Clauses
ace,Acehnese,2,Absent,5.5,95.5,Malayo-Sumbawan,Austronesian,Simple Clauses
acm,Achumawi,2,Absent,41.5,-121,Achumawi,Hokan,Simple Clauses
aco,Acoma,2,Absent,34.91666667,-107.5833333,Keresan,Keresan,Simple Clauses
adz,Adzera,2,Absent,-6.25,146.25,Oceanic,Austronesian,Simple Clauses
ain,Ainu,1,Present,43,143,Ainu,Ainu,Simple Clauses
ala,Alamblak,2,Absent,-4.666666667,143.3333333,Sepik Hill,Sepik,Simple Clauses
alb,Albanian,1,Present,41,20,Albanian,Indo-European,Simple Clauses
ame,Amele,2,Absent,-5.25,145.5833333,Mabuso,Trans-New Guinea,Simple Clauses
amh,Amharic,1,Present,10,38,Semitic,Afro-Asiatic,Simple Clauses
amu,Amuesha,1,Present,-10.5,-75.41666667,Yanesha',Arawakan,Simple Clauses
anj,Anejom,2,Absent,-20.2,169.8,Oceanic,Austronesian,Simple Clauses
ane,An√™m,2,Absent,-5.583333333,149.0833333,An√™m,An√™m,Simple Clauses
apu,Apurin√£,1,Present,-9,-67,Purus,Arawakan,Simple Clauses
abn,Arabana,2,Absent,-28.25,136.25,Central Pama-Nyungan,Pama-Nyungan,Simple Clauses
aeg,Arabic (Egyptian),1,Present,30,31,Semitic,Afro-Asiatic,Simple Clauses
ana,Araona,1,Present,-12.33333333,-67.75,Tacanan,Pano-Tacanan,Simple Clauses
arp,Arapesh (Mountain),2,Absent,-3.466666667,143.1666667,Kombio-Arapesh,Torricelli,Simple Clauses
arm,Armenian (Eastern),1,Present,40,45,Armenian,Indo-European,Simple Clauses
asm,Asmat,2,Absent,-5.5,138.5,Asmat-Kamrau Bay,Asmat-Kamrau Bay,Simple Clauses
atk,Atakapa,2,Absent,30,-93.5,Atakapa,Atakapa,Simple Clauses
ata,Atayal,2,Absent,24.5,121.3333333,Atayalic,Austronesian,Simple Clauses
au,Au,2,Absent,-3.583333333,142.0833333,Central Wapei,Torricelli,Simple Clauses
awp,Awa Pit,2,Absent,1.5,-78.25,Barbacoan,Barbacoan,Simple Clauses
awt,Awtuw,2,Absent,-3.583333333,142,Ram,Sepik,Simple Clauses
aym,Aymara (Central),1,Present,-17,-69,Aymaran,Aymaran,Simple Clauses
bab,Babungo,2,Absent,6.116666667,10.41666667,Wide Grassfields,Niger-Congo,Simple Clauses
bag,Bagirmi,2,Absent,11.66666667,16,Bongo-Bagirmi,Central Sudanic,Simple Clauses
bam,Bambara,2,Absent,12.5,-7.5,Western Mande,Mande,Simple Clauses
bnj,Bandjalang,2,Absent,-28.75,153,Southeastern Pama-Nyungan,Pama-Nyungan,Simple Clauses
baa,Barai,2,Absent,-9.333333333,148.0833333,Koiarian,Trans-New Guinea,Simple Clauses
brs,Barasano,2,Absent,-0.166666667,-70.66666667,Tucanoan,Tucanoan,Simple Clauses
bar,Bari,1,Present,5,31.66666667,Eastern Nilotic,Eastern Sudanic,Simple Clauses
bsq,Basque,1,Present,43,-3,Basque,Basque,Simple Clauses
bkr,Batak (Karo),2,Absent,3.25,98.25,Northwest Sumatra-Barrier Islands,Austronesian,Simple Clauses
baw,Bawm,2,Absent,22.5,92.25,Kuki-Chin,Sino-Tibetan,Simple Clauses
bej,Beja,1,Present,18,36,Beja,Afro-Asiatic,Simple Clauses
bma,Berber (Middle Atlas),1,Present,33,-5,Berber,Afro-Asiatic,Simple Clauses
ber,Berta,1,Present,10.33333333,34.66666667,Berta,Berta,Simple Clauses
bln,Bilin,1,Present,15.75,38.5,Central Cushitic,Afro-Asiatic,Simple Clauses
brr,Bororo,1,Present,-16,-57,Bororoan,Bororoan,Simple Clauses
brh,Brahui,2,Absent,28.5,67,Dravidian,Dravidian,Simple Clauses
bri,Bribri,2,Absent,9.416666667,-83,Western Isthmic Chibchan,Chibchan,Simple Clauses
bro,Broken,2,Absent,-10.16666667,143,Creoles and Pidgins,other,Simple Clauses
brm,Burmese,2,Absent,21,96,Burmese-Lolo,Sino-Tibetan,Simple Clauses
brn,Burunge,2,Absent,-5.333333333,36,Southern Cushitic,Afro-Asiatic,Simple Clauses
bur,Burushaski,1,Present,36.5,74.5,Burushaski,Burushaski,Simple Clauses
bya,Byansi,2,Absent,30.16666667,80.5,Bodic,Sino-Tibetan,Simple Clauses
cah,Cahuilla,2,Absent,33.5,-116.25,Northern Uto-Aztecan,Uto-Aztecan,Simple Clauses
cax,Campa (Axininca),2,Absent,-12,-74,Pre-Andine Arawakan,Arawakan,Simple Clauses
can,Candoshi,2,Absent,-4.166666667,-77,Candoshi,Candoshi,Simple Clauses
cnl,Canela,2,Absent,-7,-45,Je Setentrional,Macro-Ge,Simple Clauses
cap,Capanahua,2,Absent,-7,-74,Panoan,Pano-Tacanan,Simple Clauses
car,Carib,1,Present,5.5,-56,Cariban,Cariban,Simple Clauses
cav,Cavine√±a,2,Absent,-13.33333333,-66.5,Tacanan,Pano-Tacanan,Simple Clauses
cyv,Cayuvava,1,Present,-13.5,-65.5,Cayuvava,Cayuvava,Simple Clauses
cha,Chamorro,1,Present,13.45,144.75,Chamorro,Austronesian,Simple Clauses
cpn,Chepang,2,Absent,27.66666667,84.75,Himalayish,Sino-Tibetan,Simple Clauses
cle,Chinantec (Lealao),1,Present,17.33333333,-95.91666667,Chinantecan,Oto-Manguean,Simple Clauses
ckl,Chinook (Lower),2,Absent,46.25,-123.5,Chinookan,Penutian,Simple Clauses
chr,Chrau,2,Absent,10.75,107.5,Bahnaric,Austro-Asiatic,Simple Clauses
chk,Chukchi,2,Absent,67,-173,Northern Chukotko-Kamchatkan,Chukotko-Kamchatkan,Simple Clauses
cba,Chumash (Barbare√±o),2,Absent,34.5,-120.25,Chumash,Chumash,Simple Clauses
cbo,Ch√°cobo,2,Absent,-12.16666667,-66.75,Panoan,Pano-Tacanan,Simple Clauses
cmn,Comanche,1,Present,33.5,-101.5,Northern Uto-Aztecan,Uto-Aztecan,Simple Clauses
cmx,Comox,1,Present,50.16666667,-125,Central Salish,Salishan,Simple Clauses
coo,Coos (Hanis),1,Present,43.5,-124.1666667,Coosan,Oregon Coast,Simple Clauses
cop,Coptic,1,Present,26,32,Egyptian-Coptic,Afro-Asiatic,Simple Clauses
cor,Cora,1,Present,22.16666667,-104.8333333,Corachol,Uto-Aztecan,Simple Clauses
cre,Cree (Plains),2,Absent,54,-110,Algonquian,Algic,Simple Clauses
cri,Crimean Tatar,1,Present,45,34.08333333,Turkic,Altaic,Simple Clauses
cub,Cubeo,1,Present,1.333333333,-70.5,Tucanoan,Tucanoan,Simple Clauses
dag,Daga,2,Absent,-10,149.3333333,Dagan,Trans-New Guinea,Simple Clauses
dga,Dagaare,2,Absent,10.5,-2.666666667,Oti-Volta,Niger-Congo,Simple Clauses
dgr,Dagur,1,Present,48,124,Mongolic,Altaic,Simple Clauses
dni,Dani (Lower Grand Valley),2,Absent,-4.333333333,138.8333333,Dani,Trans-New Guinea,Simple Clauses
dio,Diola-Fogny,1,Present,13,-16.25,Jola,Niger-Congo,Simple Clauses
diz,Dizi,1,Present,6.166666667,36.5,Dizoid,Afro-Asiatic,Simple Clauses
don,Dong (Southern),1,Present,27,109,Kam-Tai,Tai-Kadai,Simple Clauses
doy,Doyayo,1,Present,8.666666667,13.08333333,Samba-Duru,Niger-Congo,Simple Clauses
dre,Drehu,1,Present,-21,167.25,Oceanic,Austronesian,Simple Clauses
dum,Dumo,2,Absent,-2.683333333,141.3,Western Skou,Skou,Simple Clauses
dut,Dutch,1,Present,52.5,6,Germanic,Indo-European,Simple Clauses
eka,Ekari,2,Absent,-3.833333333,135.5,Paniai Lakes,Trans-New Guinea,Simple Clauses
eng,English,1,Present,52,0,Germanic,Indo-European,Simple Clauses
epe,Epena Pedee,2,Absent,3,-77,Choco,Choco,Simple Clauses
err,Erromangan,2,Absent,-18.83333333,169.1666667,Oceanic,Austronesian,Simple Clauses
eve,Evenki,1,Present,56,125,Tungusic,Altaic,Simple Clauses
ewe,Ewe,2,Absent,6.333333333,0.416666667,Gbe,Niger-Congo,Simple Clauses
fij,Fijian,1,Present,-17.83333333,178,Oceanic,Austronesian,Simple Clauses
fin,Finnish,1,Present,62,25,Finnic,Uralic,Simple Clauses
fre,French,1,Present,48,2,Romance,Indo-European,Simple Clauses
fua,Fulfulde (Adamawa),1,Present,9.166666667,13.5,Peul-Serer,Niger-Congo,Simple Clauses
fur,Fur,1,Present,13.5,25,Fur,Fur,Simple Clauses
gar,Garo,2,Absent,25.66666667,90.5,Brahmaputran,Sino-Tibetan,Simple Clauses
geo,Georgian,1,Present,42,44,Kartvelian,Kartvelian,Simple Clauses
ger,German,1,Present,52,10,Germanic,Indo-European,Simple Clauses
god,Godoberi,2,Absent,42.66666667,46.08333333,Avar-Andic-Tsezic,Nakh-Daghestanian,Simple Clauses
goo,Gooniyandi,2,Absent,-18.33333333,126.3333333,Bunuban,Bunuban,Simple Clauses
grb,Grebo,1,Present,5,-8,Kru,Niger-Congo,Simple Clauses
grk,Greek (Modern),1,Present,39,22,Greek,Indo-European,Simple Clauses
grw,Greenlandic (West),1,Present,64,-51,Eskimo,Eskimo-Aleut,Simple Clauses
gua,Guaran√≠,2,Absent,-26,-56,Maweti-Guarani,Tupian,Simple Clauses
gud,Gude,2,Absent,10.41666667,13.41666667,Biu-Mandara,Afro-Asiatic,Simple Clauses
gmw,Gumawana,2,Absent,-9.25,150.8333333,Oceanic,Austronesian,Simple Clauses
guu,Guugu Yimidhirr,2,Absent,-15,144.8333333,Northern Pama-Nyungan,Pama-Nyungan,Simple Clauses
hai,Haida,2,Absent,53,-132,Haida,Haida,Simple Clauses
hlu,Halkomelem (Upriver),1,Present,49.25,-121.9166667,Central Salish,Salishan,Simple Clauses
hmr,Hamer,1,Present,5,36.5,South Omotic,Afro-Asiatic,Simple Clauses
ham,Hamtai,2,Absent,-7.5,146.25,Nuclear Angan,Trans-New Guinea,Simple Clauses
hat,Hatam,2,Absent,-1,134,Hatim-Mansim,Hatim-Mansim,Simple Clauses
hau,Hausa,1,Present,12,7,West Chadic,Afro-Asiatic,Simple Clauses
heb,Hebrew (Modern),1,Present,31.5,34.83333333,Semitic,Afro-Asiatic,Simple Clauses
hin,Hindi,1,Present,25,77,Indic,Indo-European,Simple Clauses
hix,Hixkaryana,1,Present,-1,-59,Cariban,Cariban,Simple Clauses
hmo,Hmong Njua,1,Present,28,105,Hmongic,Hmong-Mien,Simple Clauses
hua,Hua,2,Absent,-6.333333333,145.3333333,Siane-Yagaria,Trans-New Guinea,Simple Clauses
hmu,Huitoto (Muinane),1,Present,-2.416666667,-71,Witoto,Witotoan,Simple Clauses
hun,Hungarian,1,Present,47,20,Ugric,Uralic,Simple Clauses
hzb,Hunzib,2,Absent,42.16666667,46.25,Avar-Andic-Tsezic,Nakh-Daghestanian,Simple Clauses
igb,Igbo,2,Absent,6,7.333333333,Igboid,Niger-Congo,Simple Clauses
ijo,Ijo (Kolokuma),1,Present,4.916666667,5.666666667,Ijoid,Ijoid,Simple Clauses
ika,Ika,2,Absent,10.66666667,-73.75,Arhuacic,Chibchan,Simple Clauses
imo,Imonda,2,Absent,-3.333333333,141.1666667,Border,Border,Simple Clauses
ind,Indonesian,1,Present,0,106,Malayo-Sumbawan,Austronesian,Simple Clauses
ing,Ingush,2,Absent,43.16666667,45.08333333,Nakh,Nakh-Daghestanian,Simple Clauses
iqu,Iquito,2,Absent,-3.25,-74,Zaparoan,Zaparoan,Simple Clauses
irq,Iraqw,1,Present,-4,35.5,Southern Cushitic,Afro-Asiatic,Simple Clauses
iri,Irish,1,Present,53,-8,Celtic,Indo-European,Simple Clauses
ita,Italian,1,Present,43,12,Romance,Indo-European,Simple Clauses
jak,Jakaltek,1,Present,15.66666667,-91.66666667,Mayan,Mayan,Simple Clauses
jpn,Japanese,1,Present,37,140,Japanese,Japanese,Simple Clauses
jaq,Jaqaru,2,Absent,-13,-76,Aymaran,Aymaran,Simple Clauses
juh,Ju|'hoan,2,Absent,-19,21,Ju-Kung,Kxa,Simple Clauses
kgu,Kalkatungu,2,Absent,-21,139.5,Northern Pama-Nyungan,Pama-Nyungan,Simple Clauses
knd,Kannada,1,Present,14,76,Dravidian,Dravidian,Simple Clauses
knr,Kanuri,1,Present,12,13,Western Saharan,Saharan,Simple Clauses
kpm,Kapampangan,2,Absent,15.33333333,120.5,Central Luzon,Austronesian,Simple Clauses
kna,Kariti√¢na,1,Present,-9.5,-64,Arikem,Tupian,Simple Clauses
krk,Karok,1,Present,41.66666667,-123,Karok,Hokan,Simple Clauses
kas,Kashmiri,1,Present,34,76,Indic,Indo-European,Simple Clauses
kws,Kawaiisu,1,Present,36,-117.5,Northern Uto-Aztecan,Uto-Aztecan,Simple Clauses
kyl,Kayah Li (Eastern),2,Absent,19,97.5,Karen,Sino-Tibetan,Simple Clauses
kay,Kayardild,1,Present,-17.05,139.5,Tangkic,Tangkic,Simple Clauses
ker,Kera,2,Absent,9.833333333,15.08333333,East Chadic,Afro-Asiatic,Simple Clauses
ket,Ket,1,Present,64,87,Yeniseian,Yeniseian,Simple Clauses
kew,Kewa,2,Absent,-6.5,143.8333333,Enga_Kewa-Huli,Trans-New Guinea,Simple Clauses
kha,Khalkha,1,Present,47,105,Mongolic,Altaic,Simple Clauses
khs,Khasi,2,Absent,25.5,92,Khasian,Austro-Asiatic,Simple Clauses
khm,Khmer,2,Absent,12.5,105,Khmer,Austro-Asiatic,Simple Clauses
kmu,Khmu',2,Absent,21,102,Khmuic,Austro-Asiatic,Simple Clauses
klv,Kilivila,2,Absent,-8.5,151.0833333,Oceanic,Austronesian,Simple Clauses
kio,Kiowa,2,Absent,37,-99,Kiowa-Tanoan,Kiowa-Tanoan,Simple Clauses
krb,Kiribati,1,Present,1.333333333,173,Oceanic,Austronesian,Simple Clauses
kis,Kisi,1,Present,8.833333333,-10.16666667,Southern Mel,Niger-Congo,Simple Clauses
koa,Koasati,1,Present,34.83333333,-85.16666667,Muskogean,Muskogean,Simple Clauses
kob,Kobon,2,Absent,-5.166666667,144.3333333,Kalam-Kobon,Trans-New Guinea,Simple Clauses
kom,Komo,2,Absent,8.75,33.75,Koman,Koman,Simple Clauses
kon,Kongo,1,Present,-5,15,Bantu,Niger-Congo,Simple Clauses
kjo,Konjo,2,Absent,-5.466666667,120.3333333,South Sulawesi,Austronesian,Simple Clauses
kor,Korean,1,Present,37.5,128,Korean,Korean,Simple Clauses
kfe,Koromfe,2,Absent,14.25,-0.916666667,Koromfe,Niger-Congo,Simple Clauses
kos,Kosraean,1,Present,5.3,163,Oceanic,Austronesian,Simple Clauses
kch,Koyra Chiini,1,Present,17,-3,Songhay,Songhay,Simple Clauses
kse,Koyraboro Senni,1,Present,16,0,Songhay,Songhay,Simple Clauses
kro,Krongo,1,Present,10.5,30,Kadugli,Kadu,Simple Clauses
kuk,Kuk√∫,1,Present,5.833333333,31.66666667,Western Nilotic,Eastern Sudanic,Simple Clauses
knm,Kunama,1,Present,14.5,37,Kunama,Kunama,Simple Clauses
krd,Kurdish (Central),1,Present,36,44,Iranian,Indo-European,Simple Clauses
kut,Kutenai,1,Present,49.5,-116,Kutenai,Kutenai,Simple Clauses
kwz,Kwaza,2,Absent,-12.58333333,-60.66666667,Kwaza,Kwaza,Simple Clauses
lad,Ladakhi,2,Absent,34,78,Bodic,Sino-Tibetan,Simple Clauses
lah,Lahu,2,Absent,20,98.16666667,Burmese-Lolo,Sino-Tibetan,Simple Clauses
lak,Lak,2,Absent,42.16666667,47.16666667,Lak,Nakh-Daghestanian,Simple Clauses
lkt,Lakhota,2,Absent,43.83333333,-101.8333333,Mississippi Valley Siouan,Siouan,Simple Clauses
lan,Lango,2,Absent,2.166666667,33,Western Nilotic,Eastern Sudanic,Simple Clauses
lat,Latvian,1,Present,57,24,Baltic,Indo-European,Simple Clauses
lav,Lavukaleve,2,Absent,-9.083333333,159.2,Lavukaleve,Solomons East Papuan,Simple Clauses
lel,Lele,2,Absent,9.083333333,15.58333333,East Chadic,Afro-Asiatic,Simple Clauses
lep,Lepcha,1,Present,27.16666667,88.5,Himalayish,Sino-Tibetan,Simple Clauses
lez,Lezgian,2,Absent,41.66666667,47.83333333,Lezgic,Nakh-Daghestanian,Simple Clauses
lim,Limbu,1,Present,27.16666667,87.75,Himalayish,Sino-Tibetan,Simple Clauses
ara,Lokono,1,Present,5.5,-55.16666667,Antillean Arawakan,Arawakan,Simple Clauses
kkv,Lusi,2,Absent,-5.583333333,149.6666667,Oceanic,Austronesian,Simple Clauses
luv,Luvale,2,Absent,-12,22,Bantu,Niger-Congo,Simple Clauses
mle,Maale,1,Present,6,36.91666667,Ta-Ne-Omotic,Afro-Asiatic,Simple Clauses
mab,Maba,1,Present,13.75,20.83333333,Maban,Maban,Simple Clauses
mac,Macushi,1,Present,4,-60,Cariban,Cariban,Simple Clauses
mne,Maidu (Northeast),2,Absent,40,-120.6666667,Maiduan,Penutian,Simple Clauses
msn,Maisin,2,Absent,-9.5,149.1666667,Oceanic,Austronesian,Simple Clauses
mak,Makah,2,Absent,48.33333333,-124.6666667,Southern Wakashan,Wakashan,Simple Clauses
mal,Malagasy,1,Present,-20,47,Barito,Austronesian,Simple Clauses
mlk,Malakmalak,2,Absent,-13.41666667,130.4166667,Northern Daly,Northern Daly,Simple Clauses
mnd,Mandarin,1,Present,34,110,Chinese,Sino-Tibetan,Simple Clauses
myi,Mangarrayi,2,Absent,-14.66666667,133.5,Mangarrayi,Mangarrayi-Maran,Simple Clauses
mao,Maori,1,Present,-40,176,Oceanic,Austronesian,Simple Clauses
map,Mapudungun,1,Present,-38,-72,Araucanian,Araucanian,Simple Clauses
mku,Maranungku,2,Absent,-13.66666667,130,Wagaydy,Western Daly,Simple Clauses
mar,Maricopa,1,Present,33.16666667,-113.1666667,Yuman,Hokan,Simple Clauses
mrd,Marind,2,Absent,-7.833333333,140.1666667,Marind-Yaqay,Trans-New Guinea,Simple Clauses
mrt,Martuthunira,1,Present,-20.83333333,116.5,Western Pama-Nyungan,Pama-Nyungan,Simple Clauses
msl,Masalit,1,Present,13.33333333,22,Maban,Maban,Simple Clauses
mau,Maung,2,Absent,-11.91666667,133.5,Iwaidjan,Iwaidjan,Simple Clauses
mcr,Mauritian Creole,2,Absent,-20.33333333,57.5,Creoles and Pidgins,other,Simple Clauses
may,Maybrat,2,Absent,-1.333333333,132.5,Maybrat,Maybrat,Simple Clauses
mby,Mbay,2,Absent,8.25,17.5,Bongo-Bagirmi,Central Sudanic,Simple Clauses
mei,Meithei,2,Absent,24.75,94,Manipuri,Sino-Tibetan,Simple Clauses
mde,Mende,2,Absent,7.833333333,-11.5,Western Mande,Mande,Simple Clauses
mis,Miskito,2,Absent,14,-83.66666667,Misumalpan,Misumalpan,Simple Clauses
mss,Miwok (Southern Sierra),1,Present,37.5,-120,Miwok,Penutian,Simple Clauses
mxc,Mixtec (Chalcatongo),2,Absent,17.05,-97.58333333,Mixtec,Oto-Manguean,Simple Clauses
miz,Mizo,2,Absent,23.16666667,92.83333333,Kuki-Chin,Sino-Tibetan,Simple Clauses
mlm,Mlabri (Minor),2,Absent,18.5,101,Khmuic,Austro-Asiatic,Simple Clauses
moh,Mohawk,2,Absent,43.5,-74.25,Northern Iroquoian,Iroquoian,Simple Clauses
moa,Mono-Alu,2,Absent,-7.05,155.75,Oceanic,Austronesian,Simple Clauses
mum,Mumuye,2,Absent,9,11.66666667,Mumuye-Yandang,Niger-Congo,Simple Clauses
mna,Muna,2,Absent,-5,122.5,Celebic,Austronesian,Simple Clauses
mun,Mundari,1,Present,23,84.66666667,Munda,Austro-Asiatic,Simple Clauses
mup,Mupun,2,Absent,9.5,8.833333333,West Chadic,Afro-Asiatic,Simple Clauses
mrl,Murle,1,Present,6.5,33.5,South Surmic,Eastern Sudanic,Simple Clauses
nad,Nad√´b,1,Present,-1,-66.5,Nadahup,Nadahup,Simple Clauses
nht,Nahuatl (Tetelcingo),1,Present,19.66666667,-99,Aztecan,Uto-Aztecan,Simple Clauses
nak,Nakanai,2,Absent,-5.583333333,150.5833333,Oceanic,Austronesian,Simple Clauses
kho,Nama,1,Present,-25.5,18,Khoe-Kwadi,Khoe-Kwadi,Simple Clauses
nai,Nanai,1,Present,49.5,137,Tungusic,Altaic,Simple Clauses
nan,Nandi,2,Absent,0.25,35,Eastern Nilotic,Eastern Sudanic,Simple Clauses
nas,Nasioi,2,Absent,-6.333333333,155.5833333,South Bougainville,South Bougainville,Simple Clauses
nav,Navajo,1,Present,36.16666667,-108,Athapaskan,Na-Dene,Simple Clauses
ndo,Ndonga,1,Present,-18,17,Bantu,Niger-Congo,Simple Clauses
ndy,Ndyuka,2,Absent,4.5,-54.5,Creoles and Pidgins,other,Simple Clauses
ntu,Nenets,1,Present,70,76,Samoyedic,Uralic,Simple Clauses
nez,Nez Perce,1,Present,46,-116,Sahaptian,Penutian,Simple Clauses
ngl,Ngalakan,2,Absent,-14.25,134,Eastern Gunwinyguan,Gunwinyguan,Simple Clauses
ngk,Ngankikurungkurr,2,Absent,-14,130.5,Ngankikurungkurr,Southern Daly,Simple Clauses
nti,Ngiti,2,Absent,1.333333333,30.25,Lendu,Central Sudanic,Simple Clauses
ngi,Ngiyambaa,2,Absent,-31.75,145.5,Southeastern Pama-Nyungan,Pama-Nyungan,Simple Clauses
nbr,Ng√§bere,1,Present,8.666666667,-82,Guaymiic,Chibchan,Simple Clauses
niv,Nivkh,2,Absent,53.33333333,142,Nivkh,Nivkh,Simple Clauses
nko,Nkore-Kiga,1,Present,-0.916666667,29.83333333,Bantu,Niger-Congo,Simple Clauses
noo,Noon,1,Present,14.83333333,-16.83333333,Cangin,Niger-Congo,Simple Clauses
nbd,Nubian (Dongolese),1,Present,18.25,30.75,Nubian,Eastern Sudanic,Simple Clauses
nug,Nunggubuyu,2,Absent,-13.75,135.6666667,Nunggubuyu,Gunwinyguan,Simple Clauses
nup,Nupe,2,Absent,9.166666667,5.416666667,Nupoid,Niger-Congo,Simple Clauses
nuu,Nuuchahnulth,1,Present,49.66666667,-126.6666667,Southern Wakashan,Wakashan,Simple Clauses
nyu,Nyulnyul,2,Absent,-17,122.8333333,Nyulnyulan,Nyulnyulan,Simple Clauses
ond,Oneida,2,Absent,43,-75.66666667,Northern Iroquoian,Iroquoian,Simple Clauses
orh,Oromo (Harar),2,Absent,9,42,Lowland East Cushitic,Afro-Asiatic,Simple Clauses
oss,Ossetic,1,Present,43,44,Iranian,Indo-European,Simple Clauses
otm,Otom√≠ (Mezquital),2,Absent,20.16666667,-99.16666667,Otomian,Oto-Manguean,Simple Clauses
pms,Paamese,2,Absent,-16.5,168.25,Oceanic,Austronesian,Simple Clauses
pai,Paiwan,2,Absent,22.5,120.8333333,Paiwan,Austronesian,Simple Clauses
pal,Palauan,1,Present,7.5,134.5833333,Palauan,Austronesian,Simple Clauses
plk,Palikur,1,Present,3,-51,Palikur,Arawakan,Simple Clauses
pny,Panyjima,1,Present,-22.83333333,118.4166667,Western Pama-Nyungan,Pama-Nyungan,Simple Clauses
psm,Passamaquoddy-Maliseet,1,Present,45,-67,Algonquian,Algic,Simple Clauses
pau,Paumar√≠,1,Present,-6,-64,Arauan,Arauan,Simple Clauses
pec,Pech,2,Absent,15,-85.5,Pech,Chibchan,Simple Clauses
prs,Persian,1,Present,32,54,Iranian,Indo-European,Simple Clauses
pip,Pipil,1,Present,13.83333333,-89.58333333,Aztecan,Uto-Aztecan,Simple Clauses
prh,Pirah√£,2,Absent,-7,-62,Mura,Mura,Simple Clauses
pit,Pitjantjatjara,2,Absent,-26,130,Western Pama-Nyungan,Pama-Nyungan,Simple Clauses
pol,Polish,1,Present,52,20,Slavic,Indo-European,Simple Clauses
pso,Pomo (Southeastern),2,Absent,39,-122.5,Pomoan,Hokan,Simple Clauses
psj,Popoloca (San Juan Atzingo),1,Present,18.16666667,-96.41666667,Popolocan,Oto-Manguean,Simple Clauses
pur,Pur√©pecha,2,Absent,19.5,-101.6666667,Tarascan,Tarascan,Simple Clauses
par,P√§ri,1,Present,5,32.5,Western Nilotic,Eastern Sudanic,Simple Clauses
qaw,Qawasqar,2,Absent,-49,-75,Alacalufan,Alacalufan,Simple Clauses
qim,Quechua (Imbabura),1,Present,0.333333333,-78,Quechuan,Quechuan,Simple Clauses
qui,Quileute,1,Present,47.91666667,-124.25,Chimakuan,Chimakuan,Simple Clauses
ram,Rama,2,Absent,11.75,-83.75,Rama,Chibchan,Simple Clauses
rap,Rapanui,2,Absent,-27.11666667,-109.3666667,Oceanic,Austronesian,Simple Clauses
rem,Remo,2,Absent,18,82,Munda,Austro-Asiatic,Simple Clauses
ret,Retuar√£,2,Absent,-0.5,-70.66666667,Tucanoan,Tucanoan,Simple Clauses
rus,Russian,1,Present,56,38,Slavic,Indo-European,Simple Clauses
sah,Sahu,2,Absent,1.166666667,127.5,North Halmaheran,North Halmaheran,Simple Clauses
sal,Salinan,2,Absent,36,-121,Salinan,Hokan,Simple Clauses
syu,Salt-Yui,2,Absent,-6.283333333,145.0333333,Chimbu-Wahgi,Trans-New Guinea,Simple Clauses
sam,Samoan,2,Absent,-13.91666667,-171.8333333,Oceanic,Austronesian,Simple Clauses
san,Sango,2,Absent,5,18,Ubangi,Niger-Congo,Simple Clauses
snm,Sanuma,1,Present,4.5,-64.66666667,Yanomam,Yanomam,Simple Clauses
srm,Saramaccan,2,Absent,4.5,-55.5,Creoles and Pidgins,other,Simple Clauses
saw,Sawu,2,Absent,-11.5,121.9166667,Central Malayo-Polynesian,Austronesian,Simple Clauses
slp,Selepet,2,Absent,-6.166666667,147.1666667,Huon,Trans-New Guinea,Simple Clauses
sel,Selknam,2,Absent,-53,-70,Chonan Proper,Chonan,Simple Clauses
sem,Sema,2,Absent,26,94.5,Angami-Pochuri,Sino-Tibetan,Simple Clauses
sml,Semelai,1,Present,3,103,Aslian,Austro-Asiatic,Simple Clauses
snt,Sentani,2,Absent,-2.583333333,140.5833333,Sentanic,Sentanic,Simple Clauses
shk,Shipibo-Konibo,2,Absent,-7.5,-75,Panoan,Pano-Tacanan,Simple Clauses
siu,Siuslaw,1,Present,44,-124,Siuslawan,Oregon Coast,Simple Clauses
sla,Slave,1,Present,67,-125,Athapaskan,Na-Dene,Simple Clauses
so,So,1,Present,2.583333333,34.75,Kuliak,Eastern Sudanic,Simple Clauses
spa,Spanish,1,Present,40,-4,Romance,Indo-European,Simple Clauses
squ,Squamish,1,Present,49.66666667,-123.1666667,Central Salish,Salishan,Simple Clauses
sue,Suena,2,Absent,-7.75,147.55,Binanderean,Trans-New Guinea,Simple Clauses
sun,Sundanese,1,Present,-7,107,Malayo-Sumbawan,Austronesian,Simple Clauses
sup,Supyire,2,Absent,11.5,-5.583333333,Senufo,Niger-Congo,Simple Clauses
swa,Swahili,1,Present,-6.5,39,Bantu,Niger-Congo,Simple Clauses
tab,Taba,1,Present,0,127.5,South Halmahera - West New Guinea,Austronesian,Simple Clauses
tag,Tagalog,2,Absent,15,121,Greater Central Philippine,Austronesian,Simple Clauses
tap,Taiap,2,Absent,-4.083333333,144.5,Taiap,Taiap,Simple Clauses
tkl,Takelma,1,Present,42.5,-123,Takelma,Takelma,Simple Clauses
tau,Tauya,2,Absent,-5.75,145.3333333,Rai Coast,Trans-New Guinea,Simple Clauses
taw,Tawala,2,Absent,-10.33333333,150.6666667,Oceanic,Austronesian,Simple Clauses
tmr,Temiar,2,Absent,5,101.5,Aslian,Austro-Asiatic,Simple Clauses
tpn,Tepehuan (Northern),1,Present,26.33333333,-107,Tepiman,Uto-Aztecan,Simple Clauses
trb,Teribe,2,Absent,9.333333333,-82.66666667,Western Isthmic Chibchan,Chibchan,Simple Clauses
tha,Thai,1,Present,16,101,Kam-Tai,Tai-Kadai,Simple Clauses
tid,Tidore,2,Absent,0.75,127.5,North Halmaheran,North Halmaheran,Simple Clauses
tgk,Tigak,2,Absent,-2.716666667,150.8,Oceanic,Austronesian,Simple Clauses
tja,Tiipay (Jamul),2,Absent,32.16666667,-116.5,Yuman,Hokan,Simple Clauses
tin,Tinrin,1,Present,-21.66666667,165.75,Oceanic,Austronesian,Simple Clauses
tir,Tiriyo,2,Absent,3.25,-55.75,Cariban,Cariban,Simple Clauses
tiw,Tiwi,2,Absent,-11.5,131,Tiwian,Tiwian,Simple Clauses
tli,Tlingit,2,Absent,59,-135,Tlingit,Na-Dene,Simple Clauses
tol,Tol,2,Absent,14.66666667,-87,Tol,Tol,Simple Clauses
tla,Tolai,2,Absent,-4.25,152.0833333,Oceanic,Austronesian,Simple Clauses
tms,Tommo So,2,Absent,15,-3,Dogon,Dogon,Simple Clauses
ton,Tonkawa,2,Absent,30.25,-96.75,Tonkawa,Tonkawa,Simple Clauses
tot,Totonac (Misantla),2,Absent,19.91666667,-96.91666667,Totonacan,Totonacan,Simple Clauses
tri,Trique (Copala),2,Absent,17.16666667,-97.91666667,Trique,Oto-Manguean,Simple Clauses
tru,Trumai,2,Absent,-11.91666667,-53.58333333,Trumai,Trumai,Simple Clauses
tsi,Tsimshian (Coast),2,Absent,52.5,-129,Tsimshianic,Tsimshianic,Simple Clauses
tso,Tsou,2,Absent,23.5,120.75,Tsou,Austronesian,Simple Clauses
tuk,Tukang Besi,1,Present,-5.5,123.5,Celebic,Austronesian,Simple Clauses
tun,Tunica,2,Absent,32.66666667,-91,Tunica,Tunica,Simple Clauses
tna,Turkana,1,Present,3,35.5,Eastern Nilotic,Eastern Sudanic,Simple Clauses
tur,Turkish,1,Present,39,35,Turkic,Altaic,Simple Clauses
tzu,Tzutujil,1,Present,14.66666667,-91.33333333,Mayan,Mayan,Simple Clauses
udh,Udihe,1,Present,47.66666667,136.25,Tungusic,Altaic,Simple Clauses
uma,Uma,2,Absent,-1.833333333,120,Celebic,Austronesian,Simple Clauses
una,Una,2,Absent,-4.666666667,140,Mek,Trans-New Guinea,Simple Clauses
ung,Ungarinjin,2,Absent,-16.33333333,126,Worrorran,Worrorran,Simple Clauses
ura,Ura,2,Absent,-18.66666667,169.0833333,Oceanic,Austronesian,Simple Clauses
uhi,Uradhi,2,Absent,-11.91666667,142.4166667,Northern Pama-Nyungan,Pama-Nyungan,Simple Clauses
urk,Urub√∫-Kaapor,2,Absent,-2.333333333,-46.5,Maweti-Guarani,Tupian,Simple Clauses
usa,Usan,2,Absent,-4.833333333,145.1666667,North Adelbert,Trans-New Guinea,Simple Clauses
vie,Vietnamese,1,Present,10.5,106.5,Vietic,Austro-Asiatic,Simple Clauses
wam,Wambaya,2,Absent,-18.66666667,135.75,Wambayan,Mirndi,Simple Clauses
wbn,Wambon,2,Absent,-5.5,140.4166667,Dumut,Trans-New Guinea,Simple Clauses
wao,Waorani,2,Absent,-1,-76.5,Waorani,Waorani,Simple Clauses
wap,Wappo,1,Present,38.5,-122.5,Wappo,Wappo-Yukian,Simple Clauses
wra,Warao,1,Present,9.333333333,-61.66666667,Warao,Warao,Simple Clauses
wrd,Wardaman,2,Absent,-15.5,131,Yangmanic,Yangmanic,Simple Clauses
wrk,Warekena,2,Absent,1.5,-67.5,Alto-Orinoco,Arawakan,Simple Clauses
war,Wari',1,Present,-11.33333333,-65,Chapacura-Wanham,Chapacura-Wanham,Simple Clauses
was,Washo,2,Absent,39.25,-120,Washo,Washo,Simple Clauses
wsk,Waskia,2,Absent,-4.5,146,Kowan,Trans-New Guinea,Simple Clauses
wel,Welsh,1,Present,52,-3,Celtic,Indo-European,Simple Clauses
wma,West Makian,2,Absent,0.5,127.5833333,North Halmaheran,North Halmaheran,Simple Clauses
wic,Wichita,2,Absent,33.33333333,-97.33333333,Northern Caddoan,Caddoan,Simple Clauses
wch,Wich√≠,2,Absent,-22.5,-62.58333333,Matacoan,Matacoan,Simple Clauses
wik,Wikchamni,1,Present,36.41666667,-119.0833333,Yokuts,Penutian,Simple Clauses
win,Wintu,1,Present,41,-122.5,Wintuan,Penutian,Simple Clauses
yag,Yagua,2,Absent,-3.5,-72,Peba-Yaguan,Peba-Yaguan,Simple Clauses
yap,Yapese,2,Absent,9.583333333,138.1666667,Yapese,Austronesian,Simple Clauses
yaq,Yaqui,1,Present,27.5,-110.25,Cahita,Uto-Aztecan,Simple Clauses
yel,Yel√Æ Dnye,2,Absent,-11.36666667,154.1666667,Yele,Yele,Simple Clauses
yes,Yessan-Mayo,2,Absent,-4.166666667,142.5833333,Tama Sepik,Sepik,Simple Clauses
yid,Yidiny,2,Absent,-17,145.75,Northern Pama-Nyungan,Pama-Nyungan,Simple Clauses
yim,Yimas,2,Absent,-4.666666667,143.55,Lower Sepik,Ramu-Lower Sepik,Simple Clauses
yor,Yoruba,2,Absent,8,4.333333333,Defoid,Niger-Congo,Simple Clauses
yuc,Yuchi,2,Absent,35.75,-86.75,Yuchi,Yuchi,Simple Clauses
yko,Yukaghir (Kolyma),2,Absent,65.75,150.8333333,Yukaghir,Yukaghir,Simple Clauses
yuk,Yukulta,1,Present,-17.33333333,138.8333333,Tangkic,Tangkic,Simple Clauses
ypk,Yup'ik (Central),2,Absent,59.5,-160,Eskimo,Eskimo-Aleut,Simple Clauses
yur,Yurok,1,Present,41.33333333,-124,Yurok,Algic,Simple Clauses
zan,Zande,1,Present,4,26,Ubangi,Niger-Congo,Simple Clauses
zqc,Zoque (Copainal√°),2,Absent,17,-93.25,Mixe-Zoque,Mixe-Zoque,Simple Clauses
zul,Zulu,1,Present,-30,30,Bantu,Niger-Congo,Simple Clauses
zun,Zuni,1,Present,35.08333333,-108.8333333,Zuni,Zuni,Simple Clauses